{
	"format_version": "1.8.0",
	"animations": {
		"water_pillar_start": {
			"animation_length": 0.52,
			"bones": {
				"bipedRig": {
					"rotation": {
						"0.0": {
							"vector": [0, 0, 0]
						},
						"0.48": {
							"vector": [0, 360, 0],
							"easing": "easeInExpo"
						},
						"0.52": {
							"vector": [0, 0, 0]
						}
					}
				},
				"bipedRightArm": {
					"rotation": {
						"0.0": {
							"vector": [-78.99034, 24.59477, 4.62934]
						},
						"0.12": {
							"vector": [73.84641, 51.3798, 167.24859]
						},
						"0.24": {
							"vector": [31.34641, 51.3798, 167.24859]
						},
						"0.48": {
							"vector": [-81.56011, -42.11662, 4.58533]
						}
					},
					"position": {
						"0.0": {
							"vector": [0, 0, 0]
						},
						"0.24": {
							"vector": [0, 3, 0]
						},
						"0.48": {
							"vector": [0, -1, -3]
						}
					}
				},
				"bipedLeftArm": {
					"rotation": {
						"0.0": {
							"vector": [86.44785, -33.16347, -168.10969]
						},
						"0.12": {
							"vector": [-82.49399, -66.60691, 3.05019]
						},
						"0.24": {
							"vector": [-42.49399, -66.60691, 3.05019]
						},
						"0.48": {
							"vector": [-72.50228, 13.17432, 52.2119]
						}
					},
					"position": {
						"0.0": {
							"vector": [0, 0, 0]
						},
						"0.24": {
							"vector": [0, 0, -2]
						},
						"0.48": {
							"vector": [-1, 0, -2]
						}
					}
				}
			}
		}
	},
	"geckolib_format_version": 2
}